item,condition,list,rating,ID,modal
1,HL,1,60,1,must_probably
2,LH,1,50,1,must_probably
3,H,1,70,1,must_probably
4,L,1,56,1,must_probably
5,HL,1,50,1,would_possibly
6,LH,1,50,1,would_possibly
7,H,1,80,1,would_possibly
8,L,1,71,1,would_possibly
9,HL,1,50,1,probably_might
10,LH,1,40,1,probably_might
11,H,1,70,1,probably_might
12,L,1,56,1,probably_might
13,HL,1,40,1,certainly_may
14,LH,1,60,1,certainly_may
15,H,1,81,1,certainly_may
16,L,1,50,1,certainly_may
17,HL,1,50,1,definitely_may
18,LH,1,50,1,definitely_may
19,H,1,71,1,definitely_may
20,L,1,60,1,definitely_may
21,HL,1,70,1,definitely_might
22,LH,1,50,1,definitely_might
23,H,1,51,1,definitely_might
24,L,1,60,1,definitely_might
25,HL,1,50,1,certainly_might
26,LH,1,50,1,certainly_might
27,H,1,31,1,certainly_might
28,L,1,70,1,certainly_might
29,HL,1,50,1,must_possibly
30,LH,1,61,1,must_possibly
31,H,1,70,1,must_possibly
32,L,1,51,1,must_possibly
1,LH,2,50,2,must_probably
2,H,2,100,2,must_probably
3,L,2,60,2,must_probably
4,HL,2,40,2,must_probably
5,LH,2,50,2,would_possibly
6,H,2,85,2,would_possibly
7,L,2,50,2,would_possibly
8,HL,2,50,2,would_possibly
9,LH,2,40,2,probably_might
10,H,2,50,2,probably_might
11,L,2,50,2,probably_might
12,HL,2,50,2,probably_might
13,LH,2,70,2,certainly_may
14,H,2,100,2,certainly_may
15,L,2,40,2,certainly_may
16,HL,2,50,2,certainly_may
17,LH,2,80,2,definitely_may
18,H,2,80,2,definitely_may
19,L,2,50,2,definitely_may
20,HL,2,50,2,definitely_may
21,LH,2,50,2,definitely_might
22,H,2,85,2,definitely_might
23,L,2,50,2,definitely_might
24,HL,2,60,2,definitely_might
25,LH,2,50,2,certainly_might
26,H,2,85,2,certainly_might
27,L,2,40,2,certainly_might
28,HL,2,95,2,certainly_might
29,LH,2,50,2,must_possibly
30,H,2,100,2,must_possibly
31,L,2,1,2,must_possibly
32,HL,2,60,2,must_possibly
1,H,3,60,3,must_probably
2,L,3,70,3,must_probably
3,HL,3,57,3,must_probably
4,LH,3,50,3,must_probably
5,H,3,80,3,would_possibly
6,L,3,54,3,would_possibly
7,HL,3,54,3,would_possibly
8,LH,3,88,3,would_possibly
9,H,3,75,3,probably_might
10,L,3,70,3,probably_might
11,HL,3,55,3,probably_might
12,LH,3,40,3,probably_might
13,H,3,85,3,certainly_may
14,L,3,56,3,certainly_may
15,HL,3,40,3,certainly_may
16,LH,3,57,3,certainly_may
17,H,3,92,3,definitely_may
18,L,3,55,3,definitely_may
19,HL,3,67,3,definitely_may
20,LH,3,85,3,definitely_may
21,H,3,100,3,definitely_might
22,L,3,50,3,definitely_might
23,HL,3,64,3,definitely_might
24,LH,3,75,3,definitely_might
25,H,3,80,3,certainly_might
26,L,3,67,3,certainly_might
27,HL,3,62,3,certainly_might
28,LH,3,54,3,certainly_might
29,H,3,90,3,must_possibly
30,L,3,60,3,must_possibly
31,HL,3,95,3,must_possibly
32,LH,3,55,3,must_possibly
1,L,4,80,4,must_probably
2,HL,4,95,4,must_probably
3,LH,4,81,4,must_probably
4,H,4,76,4,must_probably
5,L,4,70,4,would_possibly
6,HL,4,70,4,would_possibly
7,LH,4,51,4,would_possibly
8,H,4,85,4,would_possibly
9,L,4,61,4,probably_might
10,HL,4,75,4,probably_might
11,LH,4,71,4,probably_might
12,H,4,70,4,probably_might
13,L,4,71,4,certainly_may
14,HL,4,85,4,certainly_may
15,LH,4,93,4,certainly_may
16,H,4,98,4,certainly_may
17,L,4,51,4,definitely_may
18,HL,4,76,4,definitely_may
19,LH,4,92,4,definitely_may
20,H,4,95,4,definitely_may
21,L,4,50,4,definitely_might
22,HL,4,85,4,definitely_might
23,LH,4,71,4,definitely_might
24,H,4,97,4,definitely_might
25,L,4,85,4,certainly_might
26,HL,4,90,4,certainly_might
27,LH,4,91,4,certainly_might
28,H,4,100,4,certainly_might
29,L,4,80,4,must_possibly
30,HL,4,85,4,must_possibly
31,LH,4,71,4,must_possibly
32,H,4,97,4,must_possibly
1,HL,1,72,5,must_probably
2,LH,1,64,5,must_probably
3,H,1,81,5,must_probably
4,L,1,62,5,must_probably
5,HL,1,61,5,would_possibly
6,LH,1,69,5,would_possibly
7,H,1,97,5,would_possibly
8,L,1,61,5,would_possibly
9,HL,1,76,5,probably_might
10,LH,1,65,5,probably_might
11,H,1,67,5,probably_might
12,L,1,53,5,probably_might
13,HL,1,82,5,certainly_may
14,LH,1,81,5,certainly_may
15,H,1,95,5,certainly_may
16,L,1,66,5,certainly_may
17,HL,1,77,5,definitely_may
18,LH,1,77,5,definitely_may
19,H,1,80,5,definitely_may
20,L,1,70,5,definitely_may
21,HL,1,71,5,definitely_might
22,LH,1,73,5,definitely_might
23,H,1,88,5,definitely_might
24,L,1,91,5,definitely_might
25,HL,1,89,5,certainly_might
26,LH,1,71,5,certainly_might
27,H,1,75,5,certainly_might
28,L,1,63,5,certainly_might
29,HL,1,69,5,must_possibly
30,LH,1,62,5,must_possibly
31,H,1,91,5,must_possibly
32,L,1,67,5,must_possibly
1,LH,2,51,6,must_probably
2,H,2,100,6,must_probably
3,L,2,81,6,must_probably
4,HL,2,50,6,must_probably
5,LH,2,49,6,would_possibly
6,H,2,100,6,would_possibly
7,L,2,31,6,would_possibly
8,HL,2,80,6,would_possibly
9,LH,2,78,6,probably_might
10,H,2,71,6,probably_might
11,L,2,50,6,probably_might
12,HL,2,51,6,probably_might
13,LH,2,50,6,certainly_may
14,H,2,100,6,certainly_may
15,L,2,51,6,certainly_may
16,HL,2,50,6,certainly_may
17,LH,2,51,6,definitely_may
18,H,2,100,6,definitely_may
19,L,2,51,6,definitely_may
20,HL,2,41,6,definitely_may
21,LH,2,100,6,definitely_might
22,H,2,92,6,definitely_might
23,L,2,100,6,definitely_might
24,HL,2,100,6,definitely_might
25,LH,2,49,6,certainly_might
26,H,2,70,6,certainly_might
27,L,2,89,6,certainly_might
28,HL,2,81,6,certainly_might
29,LH,2,49,6,must_possibly
30,H,2,100,6,must_possibly
31,L,2,100,6,must_possibly
32,HL,2,50,6,must_possibly
1,H,3,84,7,must_probably
2,L,3,90,7,must_probably
3,HL,3,60,7,must_probably
4,LH,3,25,7,must_probably
5,H,3,88,7,would_possibly
6,L,3,79,7,would_possibly
7,HL,3,64,7,would_possibly
8,LH,3,94,7,would_possibly
9,H,3,88,7,probably_might
10,L,3,10,7,probably_might
11,HL,3,73,7,probably_might
12,LH,3,90,7,probably_might
13,H,3,87,7,certainly_may
14,L,3,3,7,certainly_may
15,HL,3,20,7,certainly_may
16,LH,3,57,7,certainly_may
17,H,3,98,7,definitely_may
18,L,3,98,7,definitely_may
19,HL,3,72,7,definitely_may
20,LH,3,82,7,definitely_may
21,H,3,98,7,definitely_might
22,L,3,59,7,definitely_might
23,HL,3,97,7,definitely_might
24,LH,3,96,7,definitely_might
25,H,3,33,7,certainly_might
26,L,3,70,7,certainly_might
27,HL,3,98,7,certainly_might
28,LH,3,100,7,certainly_might
29,H,3,90,7,must_possibly
30,L,3,60,7,must_possibly
31,HL,3,61,7,must_possibly
32,LH,3,61,7,must_possibly
1,L,4,64,8,must_probably
2,HL,4,57,8,must_probably
3,LH,4,55,8,must_probably
4,H,4,80,8,must_probably
5,L,4,63,8,would_possibly
6,HL,4,56,8,would_possibly
7,LH,4,39,8,would_possibly
8,H,4,93,8,would_possibly
9,L,4,81,8,probably_might
10,HL,4,36,8,probably_might
11,LH,4,64,8,probably_might
12,H,4,55,8,probably_might
13,L,4,50,8,certainly_may
14,HL,4,99,8,certainly_may
15,LH,4,54,8,certainly_may
16,H,4,66,8,certainly_may
17,L,4,51,8,definitely_may
18,HL,4,60,8,definitely_may
19,LH,4,79,8,definitely_may
20,H,4,99,8,definitely_may
21,L,4,54,8,definitely_might
22,HL,4,61,8,definitely_might
23,LH,4,65,8,definitely_might
24,H,4,100,8,definitely_might
25,L,4,56,8,certainly_might
26,HL,4,66,8,certainly_might
27,LH,4,53,8,certainly_might
28,H,4,100,8,certainly_might
29,L,4,71,8,must_possibly
30,HL,4,84,8,must_possibly
31,LH,4,68,8,must_possibly
32,H,4,100,8,must_possibly
1,HL,1,72,9,must_probably
2,LH,1,77,9,must_probably
3,H,1,75,9,must_probably
4,L,1,68,9,must_probably
5,HL,1,69,9,would_possibly
6,LH,1,70,9,would_possibly
7,H,1,80,9,would_possibly
8,L,1,65,9,would_possibly
9,HL,1,70,9,probably_might
10,LH,1,66,9,probably_might
11,H,1,70,9,probably_might
12,L,1,69,9,probably_might
13,HL,1,76,9,certainly_may
14,LH,1,70,9,certainly_may
15,H,1,68,9,certainly_may
16,L,1,73,9,certainly_may
17,HL,1,91,9,definitely_may
18,LH,1,79,9,definitely_may
19,H,1,78,9,definitely_may
20,L,1,72,9,definitely_may
21,HL,1,76,9,definitely_might
22,LH,1,76,9,definitely_might
23,H,1,75,9,definitely_might
24,L,1,66,9,definitely_might
25,HL,1,66,9,certainly_might
26,LH,1,76,9,certainly_might
27,H,1,74,9,certainly_might
28,L,1,76,9,certainly_might
29,HL,1,71,9,must_possibly
30,LH,1,67,9,must_possibly
31,H,1,68,9,must_possibly
32,L,1,67,9,must_possibly
1,LH,2,64,10,must_probably
2,H,2,79,10,must_probably
3,L,2,70,10,must_probably
4,HL,2,60,10,must_probably
5,LH,2,47,10,would_possibly
6,H,2,86,10,would_possibly
7,L,2,70,10,would_possibly
8,HL,2,74,10,would_possibly
9,LH,2,49,10,probably_might
10,H,2,66,10,probably_might
11,L,2,61,10,probably_might
12,HL,2,74,10,probably_might
13,LH,2,60,10,certainly_may
14,H,2,93,10,certainly_may
15,L,2,66,10,certainly_may
16,HL,2,83,10,certainly_may
17,LH,2,79,10,definitely_may
18,H,2,83,10,definitely_may
19,L,2,87,10,definitely_may
20,HL,2,71,10,definitely_may
21,LH,2,81,10,definitely_might
22,H,2,85,10,definitely_might
23,L,2,78,10,definitely_might
24,HL,2,74,10,definitely_might
25,LH,2,66,10,certainly_might
26,H,2,65,10,certainly_might
27,L,2,61,10,certainly_might
28,HL,2,72,10,certainly_might
29,LH,2,65,10,must_possibly
30,H,2,59,10,must_possibly
31,L,2,83,10,must_possibly
32,HL,2,71,10,must_possibly
1,H,3,83,11,must_probably
2,L,3,74,11,must_probably
3,HL,3,45,11,must_probably
4,LH,3,73,11,must_probably
5,H,3,31,11,would_possibly
6,L,3,62,11,would_possibly
7,HL,3,68,11,would_possibly
8,LH,3,74,11,would_possibly
9,H,3,59,11,probably_might
10,L,3,58,11,probably_might
11,HL,3,50,11,probably_might
12,LH,3,21,11,probably_might
13,H,3,93,11,certainly_may
14,L,3,62,11,certainly_may
15,HL,3,58,11,certainly_may
16,LH,3,79,11,certainly_may
17,H,3,22,11,definitely_may
18,L,3,70,11,definitely_may
19,HL,3,68,11,definitely_may
20,LH,3,74,11,definitely_may
21,H,3,89,11,definitely_might
22,L,3,68,11,definitely_might
23,HL,3,65,11,definitely_might
24,LH,3,79,11,definitely_might
25,H,3,63,11,certainly_might
26,L,3,84,11,certainly_might
27,HL,3,64,11,certainly_might
28,LH,3,87,11,certainly_might
29,H,3,70,11,must_possibly
30,L,3,60,11,must_possibly
31,HL,3,77,11,must_possibly
32,LH,3,73,11,must_possibly
1,L,4,82,12,must_probably
2,HL,4,92,12,must_probably
3,LH,4,71,12,must_probably
4,H,4,50,12,must_probably
5,L,4,60,12,would_possibly
6,HL,4,70,12,would_possibly
7,LH,4,80,12,would_possibly
8,H,4,90,12,would_possibly
9,L,4,60,12,probably_might
10,HL,4,60,12,probably_might
11,LH,4,65,12,probably_might
12,H,4,70,12,probably_might
13,L,4,74,12,certainly_may
14,HL,4,67,12,certainly_may
15,LH,4,50,12,certainly_may
16,H,4,85,12,certainly_may
17,L,4,81,12,definitely_may
18,HL,4,80,12,definitely_may
19,LH,4,91,12,definitely_may
20,H,4,86,12,definitely_may
21,L,4,81,12,definitely_might
22,HL,4,65,12,definitely_might
23,LH,4,80,12,definitely_might
24,H,4,91,12,definitely_might
25,L,4,71,12,certainly_might
26,HL,4,82,12,certainly_might
27,LH,4,76,12,certainly_might
28,H,4,97,12,certainly_might
29,L,4,60,12,must_possibly
30,HL,4,90,12,must_possibly
31,LH,4,85,12,must_possibly
32,H,4,85,12,must_possibly
1,HL,1,43,13,must_probably
2,LH,1,63,13,must_probably
3,H,1,51,13,must_probably
4,L,1,46,13,must_probably
5,HL,1,22,13,would_possibly
6,LH,1,48,13,would_possibly
7,H,1,61,13,would_possibly
8,L,1,64,13,would_possibly
9,HL,1,43,13,probably_might
10,LH,1,43,13,probably_might
11,H,1,60,13,probably_might
12,L,1,23,13,probably_might
13,HL,1,71,13,certainly_may
14,LH,1,33,13,certainly_may
15,H,1,33,13,certainly_may
16,L,1,30,13,certainly_may
17,HL,1,66,13,definitely_may
18,LH,1,55,13,definitely_may
19,H,1,83,13,definitely_may
20,L,1,62,13,definitely_may
21,HL,1,37,13,definitely_might
22,LH,1,65,13,definitely_might
23,H,1,51,13,definitely_might
24,L,1,84,13,definitely_might
25,HL,1,68,13,certainly_might
26,LH,1,80,13,certainly_might
27,H,1,63,13,certainly_might
28,L,1,73,13,certainly_might
29,HL,1,71,13,must_possibly
30,LH,1,36,13,must_possibly
31,H,1,72,13,must_possibly
32,L,1,76,13,must_possibly
1,LH,2,45,14,must_probably
2,H,2,100,14,must_probably
3,L,2,73,14,must_probably
4,HL,2,61,14,must_probably
5,LH,2,35,14,would_possibly
6,H,2,73,14,would_possibly
7,L,2,69,14,would_possibly
8,HL,2,60,14,would_possibly
9,LH,2,50,14,probably_might
10,H,2,41,14,probably_might
11,L,2,40,14,probably_might
12,HL,2,50,14,probably_might
13,LH,2,61,14,certainly_may
14,H,2,98,14,certainly_may
15,L,2,33,14,certainly_may
16,HL,2,44,14,certainly_may
17,LH,2,97,14,definitely_may
18,H,2,94,14,definitely_may
19,L,2,74,14,definitely_may
20,HL,2,26,14,definitely_may
21,LH,2,26,14,definitely_might
22,H,2,95,14,definitely_might
23,L,2,65,14,definitely_might
24,HL,2,66,14,definitely_might
25,LH,2,56,14,certainly_might
26,H,2,81,14,certainly_might
27,L,2,25,14,certainly_might
28,HL,2,56,14,certainly_might
29,LH,2,70,14,must_possibly
30,H,2,48,14,must_possibly
31,L,2,41,14,must_possibly
32,HL,2,24,14,must_possibly
1,H,3,44,15,must_probably
2,L,3,67,15,must_probably
3,HL,3,47,15,must_probably
4,LH,3,24,15,must_probably
5,H,3,35,15,would_possibly
6,L,3,50,15,would_possibly
7,HL,3,30,15,would_possibly
8,LH,3,60,15,would_possibly
9,H,3,86,15,probably_might
10,L,3,6,15,probably_might
11,HL,3,20,15,probably_might
12,LH,3,34,15,probably_might
13,H,3,33,15,certainly_may
14,L,3,50,15,certainly_may
15,HL,3,30,15,certainly_may
16,LH,3,36,15,certainly_may
17,H,3,94,15,definitely_may
18,L,3,49,15,definitely_may
19,HL,3,52,15,definitely_may
20,LH,3,51,15,definitely_may
21,H,3,77,15,definitely_might
22,L,3,51,15,definitely_might
23,HL,3,50,15,definitely_might
24,LH,3,51,15,definitely_might
25,H,3,77,15,certainly_might
26,L,3,56,15,certainly_might
27,HL,3,62,15,certainly_might
28,LH,3,88,15,certainly_might
29,H,3,50,15,must_possibly
30,L,3,50,15,must_possibly
31,HL,3,67,15,must_possibly
32,LH,3,40,15,must_possibly
1,L,4,51,16,must_probably
2,HL,4,83,16,must_probably
3,LH,4,53,16,must_probably
4,H,4,34,16,must_probably
5,L,4,19,16,would_possibly
6,HL,4,20,16,would_possibly
7,LH,4,62,16,would_possibly
8,H,4,82,16,would_possibly
9,L,4,50,16,probably_might
10,HL,4,50,16,probably_might
11,LH,4,23,16,probably_might
12,H,4,28,16,probably_might
13,L,4,45,16,certainly_may
14,HL,4,37,16,certainly_may
15,LH,4,57,16,certainly_may
16,H,4,90,16,certainly_may
17,L,4,50,16,definitely_may
18,HL,4,65,16,definitely_may
19,LH,4,81,16,definitely_may
20,H,4,91,16,definitely_may
21,L,4,66,16,definitely_might
22,HL,4,58,16,definitely_might
23,LH,4,32,16,definitely_might
24,H,4,72,16,definitely_might
25,L,4,29,16,certainly_might
26,HL,4,31,16,certainly_might
27,LH,4,67,16,certainly_might
28,H,4,90,16,certainly_might
29,L,4,84,16,must_possibly
30,HL,4,20,16,must_possibly
31,LH,4,68,16,must_possibly
32,H,4,49,16,must_possibly
1,HL,1,80,17,must_probably
2,LH,1,85,17,must_probably
3,H,1,80,17,must_probably
4,L,1,75,17,must_probably
5,HL,1,70,17,would_possibly
6,LH,1,70,17,would_possibly
7,H,1,80,17,would_possibly
8,L,1,70,17,would_possibly
9,HL,1,80,17,probably_might
10,LH,1,70,17,probably_might
11,H,1,80,17,probably_might
12,L,1,70,17,probably_might
13,HL,1,85,17,certainly_may
14,LH,1,85,17,certainly_may
15,H,1,90,17,certainly_may
16,L,1,70,17,certainly_may
17,HL,1,80,17,definitely_may
18,LH,1,85,17,definitely_may
19,H,1,80,17,definitely_may
20,L,1,75,17,definitely_may
21,HL,1,80,17,definitely_might
22,LH,1,90,17,definitely_might
23,H,1,100,17,definitely_might
24,L,1,90,17,definitely_might
25,HL,1,80,17,certainly_might
26,LH,1,80,17,certainly_might
27,H,1,90,17,certainly_might
28,L,1,70,17,certainly_might
29,HL,1,65,17,must_possibly
30,LH,1,80,17,must_possibly
31,H,1,90,17,must_possibly
32,L,1,70,17,must_possibly
1,LH,2,68,18,must_probably
2,H,2,98,18,must_probably
3,L,2,82,18,must_probably
4,HL,2,62,18,must_probably
5,LH,2,78,18,would_possibly
6,H,2,95,18,would_possibly
7,L,2,54,18,would_possibly
8,HL,2,78,18,would_possibly
9,LH,2,91,18,probably_might
10,H,2,56,18,probably_might
11,L,2,71,18,probably_might
12,HL,2,82,18,probably_might
13,LH,2,86,18,certainly_may
14,H,2,93,18,certainly_may
15,L,2,78,18,certainly_may
16,HL,2,82,18,certainly_may
17,LH,2,84,18,definitely_may
18,H,2,89,18,definitely_may
19,L,2,87,18,definitely_may
20,HL,2,97,18,definitely_may
21,LH,2,74,18,definitely_might
22,H,2,88,18,definitely_might
23,L,2,77,18,definitely_might
24,HL,2,89,18,definitely_might
25,LH,2,90,18,certainly_might
26,H,2,91,18,certainly_might
27,L,2,94,18,certainly_might
28,HL,2,90,18,certainly_might
29,LH,2,84,18,must_possibly
30,H,2,97,18,must_possibly
31,L,2,96,18,must_possibly
32,HL,2,81,18,must_possibly
1,H,3,96,19,must_probably
2,L,3,93,19,must_probably
3,HL,3,75,19,must_probably
4,LH,3,86,19,must_probably
5,H,3,86,19,would_possibly
6,L,3,75,19,would_possibly
7,HL,3,85,19,would_possibly
8,LH,3,92,19,would_possibly
9,H,3,87,19,probably_might
10,L,3,70,19,probably_might
11,HL,3,85,19,probably_might
12,LH,3,80,19,probably_might
13,H,3,90,19,certainly_may
14,L,3,91,19,certainly_may
15,HL,3,81,19,certainly_may
16,LH,3,81,19,certainly_may
17,H,3,100,19,definitely_may
18,L,3,85,19,definitely_may
19,HL,3,90,19,definitely_may
20,LH,3,90,19,definitely_may
21,H,3,91,19,definitely_might
22,L,3,92,19,definitely_might
23,HL,3,92,19,definitely_might
24,LH,3,90,19,definitely_might
25,H,3,86,19,certainly_might
26,L,3,87,19,certainly_might
27,HL,3,90,19,certainly_might
28,LH,3,92,19,certainly_might
29,H,3,85,19,must_possibly
30,L,3,85,19,must_possibly
31,HL,3,89,19,must_possibly
32,LH,3,90,19,must_possibly
1,L,4,86,20,must_probably
2,HL,4,93,20,must_probably
3,LH,4,62,20,must_probably
4,H,4,78,20,must_probably
5,L,4,85,20,would_possibly
6,HL,4,82,20,would_possibly
7,LH,4,91,20,would_possibly
8,H,4,93,20,would_possibly
9,L,4,76,20,probably_might
10,HL,4,75,20,probably_might
11,LH,4,56,20,probably_might
12,H,4,69,20,probably_might
13,L,4,85,20,certainly_may
14,HL,4,85,20,certainly_may
15,LH,4,24,20,certainly_may
16,H,4,80,20,certainly_may
17,L,4,92,20,definitely_may
18,HL,4,96,20,definitely_may
19,LH,4,96,20,definitely_may
20,H,4,97,20,definitely_may
21,L,4,85,20,definitely_might
22,HL,4,85,20,definitely_might
23,LH,4,65,20,definitely_might
24,H,4,83,20,definitely_might
25,L,4,83,20,certainly_might
26,HL,4,70,20,certainly_might
27,LH,4,84,20,certainly_might
28,H,4,94,20,certainly_might
29,L,4,80,20,must_possibly
30,HL,4,86,20,must_possibly
31,LH,4,85,20,must_possibly
32,H,4,80,20,must_possibly
1,HL,1,70,21,must_probably
2,LH,1,97,21,must_probably
3,H,1,61,21,must_probably
4,L,1,62,21,must_probably
5,HL,1,55,21,would_possibly
6,LH,1,77,21,would_possibly
7,H,1,99,21,would_possibly
8,L,1,86,21,would_possibly
9,HL,1,70,21,probably_might
10,LH,1,60,21,probably_might
11,H,1,73,21,probably_might
12,L,1,62,21,probably_might
13,HL,1,59,21,certainly_may
14,LH,1,81,21,certainly_may
15,H,1,51,21,certainly_may
16,L,1,80,21,certainly_may
17,HL,1,57,21,definitely_may
18,LH,1,65,21,definitely_may
19,H,1,80,21,definitely_may
20,L,1,50,21,definitely_may
21,HL,1,50,21,definitely_might
22,LH,1,57,21,definitely_might
23,H,1,92,21,definitely_might
24,L,1,60,21,definitely_might
25,HL,1,50,21,certainly_might
26,LH,1,77,21,certainly_might
27,H,1,67,21,certainly_might
28,L,1,60,21,certainly_might
29,HL,1,50,21,must_possibly
30,LH,1,83,21,must_possibly
31,H,1,80,21,must_possibly
32,L,1,70,21,must_possibly
1,LH,2,61,22,must_probably
2,H,2,93,22,must_probably
3,L,2,47,22,must_probably
4,HL,2,52,22,must_probably
5,LH,2,63,22,would_possibly
6,H,2,85,22,would_possibly
7,L,2,41,22,would_possibly
8,HL,2,41,22,would_possibly
9,LH,2,40,22,probably_might
10,H,2,65,22,probably_might
11,L,2,34,22,probably_might
12,HL,2,33,22,probably_might
13,LH,2,45,22,certainly_may
14,H,2,84,22,certainly_may
15,L,2,47,22,certainly_may
16,HL,2,50,22,certainly_may
17,LH,2,52,22,definitely_may
18,H,2,100,22,definitely_may
19,L,2,65,22,definitely_may
20,HL,2,52,22,definitely_may
21,LH,2,61,22,definitely_might
22,H,2,88,22,definitely_might
23,L,2,54,22,definitely_might
24,HL,2,64,22,definitely_might
25,LH,2,75,22,certainly_might
26,H,2,76,22,certainly_might
27,L,2,46,22,certainly_might
28,HL,2,86,22,certainly_might
29,LH,2,51,22,must_possibly
30,H,2,62,22,must_possibly
31,L,2,85,22,must_possibly
32,HL,2,48,22,must_possibly
1,H,3,90,23,must_probably
2,L,3,86,23,must_probably
3,HL,3,61,23,must_probably
4,LH,3,62,23,must_probably
5,H,3,56,23,would_possibly
6,L,3,60,23,would_possibly
7,HL,3,75,23,would_possibly
8,LH,3,81,23,would_possibly
9,H,3,69,23,probably_might
10,L,3,41,23,probably_might
11,HL,3,20,23,probably_might
12,LH,3,56,23,probably_might
13,H,3,80,23,certainly_may
14,L,3,40,23,certainly_may
15,HL,3,56,23,certainly_may
16,LH,3,61,23,certainly_may
17,H,3,91,23,definitely_may
18,L,3,43,23,definitely_may
19,HL,3,64,23,definitely_may
20,LH,3,62,23,definitely_may
21,H,3,70,23,definitely_might
22,L,3,58,23,definitely_might
23,HL,3,58,23,definitely_might
24,LH,3,84,23,definitely_might
25,H,3,49,23,certainly_might
26,L,3,29,23,certainly_might
27,HL,3,55,23,certainly_might
28,LH,3,74,23,certainly_might
29,H,3,79,23,must_possibly
30,L,3,81,23,must_possibly
31,HL,3,90,23,must_possibly
32,LH,3,86,23,must_possibly
1,L,4,83,24,must_probably
2,HL,4,85,24,must_probably
3,LH,4,75,24,must_probably
4,H,4,68,24,must_probably
5,L,4,69,24,would_possibly
6,HL,4,84,24,would_possibly
7,LH,4,31,24,would_possibly
8,H,4,98,24,would_possibly
9,L,4,68,24,probably_might
10,HL,4,38,24,probably_might
11,LH,4,44,24,probably_might
12,H,4,48,24,probably_might
13,L,4,60,24,certainly_may
14,HL,4,74,24,certainly_may
15,LH,4,74,24,certainly_may
16,H,4,69,24,certainly_may
17,L,4,64,24,definitely_may
18,HL,4,99,24,definitely_may
19,LH,4,74,24,definitely_may
20,H,4,95,24,definitely_may
21,L,4,88,24,definitely_might
22,HL,4,38,24,definitely_might
23,LH,4,55,24,definitely_might
24,H,4,94,24,definitely_might
25,L,4,61,24,certainly_might
26,HL,4,73,24,certainly_might
27,LH,4,76,24,certainly_might
28,H,4,84,24,certainly_might
29,L,4,91,24,must_possibly
30,HL,4,90,24,must_possibly
31,LH,4,84,24,must_possibly
32,H,4,80,24,must_possibly
1,HL,1,85,25,must_probably
2,LH,1,96,25,must_probably
3,H,1,83,25,must_probably
4,L,1,47,25,must_probably
5,HL,1,85,25,would_possibly
6,LH,1,89,25,would_possibly
7,H,1,95,25,would_possibly
8,L,1,97,25,would_possibly
9,HL,1,89,25,probably_might
10,LH,1,65,25,probably_might
11,H,1,75,25,probably_might
12,L,1,65,25,probably_might
13,HL,1,84,25,certainly_may
14,LH,1,75,25,certainly_may
15,H,1,89,25,certainly_may
16,L,1,71,25,certainly_may
17,HL,1,86,25,definitely_may
18,LH,1,92,25,definitely_may
19,H,1,93,25,definitely_may
20,L,1,93,25,definitely_may
21,HL,1,94,25,definitely_might
22,LH,1,95,25,definitely_might
23,H,1,88,25,definitely_might
24,L,1,79,25,definitely_might
25,HL,1,42,25,certainly_might
26,LH,1,93,25,certainly_might
27,H,1,93,25,certainly_might
28,L,1,93,25,certainly_might
29,HL,1,86,25,must_possibly
30,LH,1,85,25,must_possibly
31,H,1,94,25,must_possibly
32,L,1,93,25,must_possibly
1,LH,2,64,26,must_probably
2,H,2,92,26,must_probably
3,L,2,83,26,must_probably
4,HL,2,61,26,must_probably
5,LH,2,50,26,would_possibly
6,H,2,72,26,would_possibly
7,L,2,67,26,would_possibly
8,HL,2,79,26,would_possibly
9,LH,2,38,26,probably_might
10,H,2,71,26,probably_might
11,L,2,41,26,probably_might
12,HL,2,54,26,probably_might
13,LH,2,64,26,certainly_may
14,H,2,78,26,certainly_may
15,L,2,62,26,certainly_may
16,HL,2,67,26,certainly_may
17,LH,2,63,26,definitely_may
18,H,2,76,26,definitely_may
19,L,2,68,26,definitely_may
20,HL,2,52,26,definitely_may
21,LH,2,69,26,definitely_might
22,H,2,80,26,definitely_might
23,L,2,66,26,definitely_might
24,HL,2,33,26,definitely_might
25,LH,2,39,26,certainly_might
26,H,2,87,26,certainly_might
27,L,2,66,26,certainly_might
28,HL,2,58,26,certainly_might
29,LH,2,61,26,must_possibly
30,H,2,87,26,must_possibly
31,L,2,72,26,must_possibly
32,HL,2,59,26,must_possibly
1,H,3,75,27,must_probably
2,L,3,90,27,must_probably
3,HL,3,70,27,must_probably
4,LH,3,55,27,must_probably
5,H,3,65,27,would_possibly
6,L,3,60,27,would_possibly
7,HL,3,45,27,would_possibly
8,LH,3,60,27,would_possibly
9,H,3,90,27,probably_might
10,L,3,65,27,probably_might
11,HL,3,40,27,probably_might
12,LH,3,55,27,probably_might
13,H,3,90,27,certainly_may
14,L,3,60,27,certainly_may
15,HL,3,40,27,certainly_may
16,LH,3,60,27,certainly_may
17,H,3,95,27,definitely_may
18,L,3,85,27,definitely_may
19,HL,3,85,27,definitely_may
20,LH,3,55,27,definitely_may
21,H,3,80,27,definitely_might
22,L,3,60,27,definitely_might
23,HL,3,55,27,definitely_might
24,LH,3,70,27,definitely_might
25,H,3,30,27,certainly_might
26,L,3,55,27,certainly_might
27,HL,3,55,27,certainly_might
28,LH,3,60,27,certainly_might
29,H,3,65,27,must_possibly
30,L,3,65,27,must_possibly
31,HL,3,60,27,must_possibly
32,LH,3,55,27,must_possibly
1,L,4,91,28,must_probably
2,HL,4,94,28,must_probably
3,LH,4,89,28,must_probably
4,H,4,91,28,must_probably
5,L,4,80,28,would_possibly
6,HL,4,93,28,would_possibly
7,LH,4,21,28,would_possibly
8,H,4,72,28,would_possibly
9,L,4,61,28,probably_might
10,HL,4,72,28,probably_might
11,LH,4,87,28,probably_might
12,H,4,51,28,probably_might
13,L,4,89,28,certainly_may
14,HL,4,80,28,certainly_may
15,LH,4,21,28,certainly_may
16,H,4,81,28,certainly_may
17,L,4,81,28,definitely_may
18,HL,4,90,28,definitely_may
19,LH,4,71,28,definitely_may
20,H,4,86,28,definitely_may
21,L,4,91,28,definitely_might
22,HL,4,60,28,definitely_might
23,LH,4,74,28,definitely_might
24,H,4,90,28,definitely_might
25,L,4,90,28,certainly_might
26,HL,4,93,28,certainly_might
27,LH,4,90,28,certainly_might
28,H,4,93,28,certainly_might
29,L,4,70,28,must_possibly
30,HL,4,80,28,must_possibly
31,LH,4,91,28,must_possibly
32,H,4,82,28,must_possibly
1,HL,1,66,29,must_probably
2,LH,1,86,29,must_probably
3,H,1,83,29,must_probably
4,L,1,82,29,must_probably
5,HL,1,81,29,would_possibly
6,LH,1,75,29,would_possibly
7,H,1,90,29,would_possibly
8,L,1,71,29,would_possibly
9,HL,1,89,29,probably_might
10,LH,1,61,29,probably_might
11,H,1,88,29,probably_might
12,L,1,63,29,probably_might
13,HL,1,92,29,certainly_may
14,LH,1,92,29,certainly_may
15,H,1,89,29,certainly_may
16,L,1,93,29,certainly_may
17,HL,1,75,29,definitely_may
18,LH,1,90,29,definitely_may
19,H,1,92,29,definitely_may
20,L,1,76,29,definitely_may
21,HL,1,77,29,definitely_might
22,LH,1,100,29,definitely_might
23,H,1,91,29,definitely_might
24,L,1,85,29,definitely_might
25,HL,1,80,29,certainly_might
26,LH,1,92,29,certainly_might
27,H,1,80,29,certainly_might
28,L,1,88,29,certainly_might
29,HL,1,76,29,must_possibly
30,LH,1,93,29,must_possibly
31,H,1,76,29,must_possibly
32,L,1,76,29,must_possibly
1,LH,2,40,30,must_probably
2,H,2,95,30,must_probably
3,L,2,50,30,must_probably
4,HL,2,15,30,must_probably
5,LH,2,7,30,would_possibly
6,H,2,90,30,would_possibly
7,L,2,80,30,would_possibly
8,HL,2,60,30,would_possibly
9,LH,2,65,30,probably_might
10,H,2,50,30,probably_might
11,L,2,60,30,probably_might
12,HL,2,20,30,probably_might
13,LH,2,20,30,certainly_may
14,H,2,50,30,certainly_may
15,L,2,40,30,certainly_may
16,HL,2,80,30,certainly_may
17,LH,2,80,30,definitely_may
18,H,2,98,30,definitely_may
19,L,2,40,30,definitely_may
20,HL,2,60,30,definitely_may
21,LH,2,80,30,definitely_might
22,H,2,30,30,definitely_might
23,L,2,5,30,definitely_might
24,HL,2,80,30,definitely_might
25,LH,2,40,30,certainly_might
26,H,2,80,30,certainly_might
27,L,2,10,30,certainly_might
28,HL,2,90,30,certainly_might
29,LH,2,30,30,must_possibly
30,H,2,50,30,must_possibly
31,L,2,95,30,must_possibly
32,HL,2,45,30,must_possibly
1,H,3,80,31,must_probably
2,L,3,91,31,must_probably
3,HL,3,80,31,must_probably
4,LH,3,61,31,must_probably
5,H,3,76,31,would_possibly
6,L,3,70,31,would_possibly
7,HL,3,88,31,would_possibly
8,LH,3,80,31,would_possibly
9,H,3,80,31,probably_might
10,L,3,50,31,probably_might
11,HL,3,66,31,probably_might
12,LH,3,60,31,probably_might
13,H,3,85,31,certainly_may
14,L,3,98,31,certainly_may
15,HL,3,85,31,certainly_may
16,LH,3,87,31,certainly_may
17,H,3,89,31,definitely_may
18,L,3,70,31,definitely_may
19,HL,3,85,31,definitely_may
20,LH,3,90,31,definitely_may
21,H,3,95,31,definitely_might
22,L,3,85,31,definitely_might
23,HL,3,65,31,definitely_might
24,LH,3,90,31,definitely_might
25,H,3,90,31,certainly_might
26,L,3,70,31,certainly_might
27,HL,3,60,31,certainly_might
28,LH,3,91,31,certainly_might
29,H,3,70,31,must_possibly
30,L,3,65,31,must_possibly
31,HL,3,81,31,must_possibly
32,LH,3,50,31,must_possibly
1,L,4,91,32,must_probably
2,HL,4,94,32,must_probably
3,LH,4,4,32,must_probably
4,H,4,67,32,must_probably
5,L,4,72,32,would_possibly
6,HL,4,19,32,would_possibly
7,LH,4,77,32,would_possibly
8,H,4,90,32,would_possibly
9,L,4,84,32,probably_might
10,HL,4,1,32,probably_might
11,LH,4,11,32,probably_might
12,H,4,69,32,probably_might
13,L,4,37,32,certainly_may
14,HL,4,18,32,certainly_may
15,LH,4,16,32,certainly_may
16,H,4,66,32,certainly_may
17,L,4,48,32,definitely_may
18,HL,4,72,32,definitely_may
19,LH,4,21,32,definitely_may
20,H,4,93,32,definitely_may
21,L,4,68,32,definitely_might
22,HL,4,10,32,definitely_might
23,LH,4,79,32,definitely_might
24,H,4,93,32,definitely_might
25,L,4,45,32,certainly_might
26,HL,4,66,32,certainly_might
27,LH,4,61,32,certainly_might
28,H,4,91,32,certainly_might
29,L,4,80,32,must_possibly
30,HL,4,54,32,must_possibly
31,LH,4,87,32,must_possibly
32,H,4,96,32,must_possibly
1,HL,1,81,33,must_probably
2,LH,1,68,33,must_probably
3,H,1,88,33,must_probably
4,L,1,74,33,must_probably
5,HL,1,66,33,would_possibly
6,LH,1,85,33,would_possibly
7,H,1,80,33,would_possibly
8,L,1,72,33,would_possibly
9,HL,1,87,33,probably_might
10,LH,1,71,33,probably_might
11,H,1,91,33,probably_might
12,L,1,65,33,probably_might
13,HL,1,12,33,certainly_may
14,LH,1,93,33,certainly_may
15,H,1,91,33,certainly_may
16,L,1,82,33,certainly_may
17,HL,1,83,33,definitely_may
18,LH,1,73,33,definitely_may
19,H,1,73,33,definitely_may
20,L,1,77,33,definitely_may
21,HL,1,69,33,definitely_might
22,LH,1,91,33,definitely_might
23,H,1,90,33,definitely_might
24,L,1,5,33,definitely_might
25,HL,1,85,33,certainly_might
26,LH,1,81,33,certainly_might
27,H,1,86,33,certainly_might
28,L,1,78,33,certainly_might
29,HL,1,82,33,must_possibly
30,LH,1,65,33,must_possibly
31,H,1,71,33,must_possibly
32,L,1,80,33,must_possibly
1,LH,2,76,34,must_probably
2,H,2,92,34,must_probably
3,L,2,74,34,must_probably
4,HL,2,69,34,must_probably
5,LH,2,65,34,would_possibly
6,H,2,99,34,would_possibly
7,L,2,72,34,would_possibly
8,HL,2,63,34,would_possibly
9,LH,2,61,34,probably_might
10,H,2,65,34,probably_might
11,L,2,57,34,probably_might
12,HL,2,66,34,probably_might
13,LH,2,89,34,certainly_may
14,H,2,100,34,certainly_may
15,L,2,63,34,certainly_may
16,HL,2,68,34,certainly_may
17,LH,2,81,34,definitely_may
18,H,2,97,34,definitely_may
19,L,2,95,34,definitely_may
20,HL,2,68,34,definitely_may
21,LH,2,96,34,definitely_might
22,H,2,100,34,definitely_might
23,L,2,70,34,definitely_might
24,HL,2,90,34,definitely_might
25,LH,2,98,34,certainly_might
26,H,2,100,34,certainly_might
27,L,2,79,34,certainly_might
28,HL,2,77,34,certainly_might
29,LH,2,70,34,must_possibly
30,H,2,71,34,must_possibly
31,L,2,84,34,must_possibly
32,HL,2,83,34,must_possibly
1,H,3,98,35,must_probably
2,L,3,90,35,must_probably
3,HL,3,50,35,must_probably
4,LH,3,81,35,must_probably
5,H,3,31,35,would_possibly
6,L,3,81,35,would_possibly
7,HL,3,65,35,would_possibly
8,LH,3,40,35,would_possibly
9,H,3,97,35,probably_might
10,L,3,18,35,probably_might
11,HL,3,80,35,probably_might
12,LH,3,78,35,probably_might
13,H,3,91,35,certainly_may
14,L,3,76,35,certainly_may
15,HL,3,70,35,certainly_may
16,LH,3,94,35,certainly_may
17,H,3,98,35,definitely_may
18,L,3,87,35,definitely_may
19,HL,3,75,35,definitely_may
20,LH,3,92,35,definitely_may
21,H,3,95,35,definitely_might
22,L,3,88,35,definitely_might
23,HL,3,86,35,definitely_might
24,LH,3,90,35,definitely_might
25,H,3,68,35,certainly_might
26,L,3,95,35,certainly_might
27,HL,3,66,35,certainly_might
28,LH,3,91,35,certainly_might
29,H,3,24,35,must_possibly
30,L,3,77,35,must_possibly
31,HL,3,94,35,must_possibly
32,LH,3,93,35,must_possibly
1,L,4,66,36,must_probably
2,HL,4,87,36,must_probably
3,LH,4,75,36,must_probably
4,H,4,73,36,must_probably
5,L,4,75,36,would_possibly
6,HL,4,54,36,would_possibly
7,LH,4,57,36,would_possibly
8,H,4,81,36,would_possibly
9,L,4,65,36,probably_might
10,HL,4,62,36,probably_might
11,LH,4,58,36,probably_might
12,H,4,67,36,probably_might
13,L,4,60,36,certainly_may
14,HL,4,72,36,certainly_may
15,LH,4,79,36,certainly_may
16,H,4,67,36,certainly_may
17,L,4,71,36,definitely_may
18,HL,4,77,36,definitely_may
19,LH,4,71,36,definitely_may
20,H,4,92,36,definitely_may
21,L,4,66,36,definitely_might
22,HL,4,70,36,definitely_might
23,LH,4,59,36,definitely_might
24,H,4,86,36,definitely_might
25,L,4,49,36,certainly_might
26,HL,4,57,36,certainly_might
27,LH,4,53,36,certainly_might
28,H,4,93,36,certainly_might
29,L,4,55,36,must_possibly
30,HL,4,71,36,must_possibly
31,LH,4,61,36,must_possibly
32,H,4,78,36,must_possibly
1,HL,1,85,37,must_probably
2,LH,1,96,37,must_probably
3,H,1,65,37,must_probably
4,L,1,65,37,must_probably
5,HL,1,85,37,would_possibly
6,LH,1,63,37,would_possibly
7,H,1,96,37,would_possibly
8,L,1,89,37,would_possibly
9,HL,1,90,37,probably_might
10,LH,1,55,37,probably_might
11,H,1,82,37,probably_might
12,L,1,89,37,probably_might
13,HL,1,90,37,certainly_may
14,LH,1,87,37,certainly_may
15,H,1,91,37,certainly_may
16,L,1,88,37,certainly_may
17,HL,1,89,37,definitely_may
18,LH,1,93,37,definitely_may
19,H,1,94,37,definitely_may
20,L,1,80,37,definitely_may
21,HL,1,80,37,definitely_might
22,LH,1,86,37,definitely_might
23,H,1,95,37,definitely_might
24,L,1,94,37,definitely_might
25,HL,1,75,37,certainly_might
26,LH,1,80,37,certainly_might
27,H,1,96,37,certainly_might
28,L,1,90,37,certainly_might
29,HL,1,88,37,must_possibly
30,LH,1,96,37,must_possibly
31,H,1,98,37,must_possibly
32,L,1,50,37,must_possibly
1,LH,2,61,38,must_probably
2,H,2,91,38,must_probably
3,L,2,83,38,must_probably
4,HL,2,37,38,must_probably
5,LH,2,51,38,would_possibly
6,H,2,84,38,would_possibly
7,L,2,50,38,would_possibly
8,HL,2,51,38,would_possibly
9,LH,2,74,38,probably_might
10,H,2,48,38,probably_might
11,L,2,50,38,probably_might
12,HL,2,74,38,probably_might
13,LH,2,76,38,certainly_may
14,H,2,100,38,certainly_may
15,L,2,57,38,certainly_may
16,HL,2,85,38,certainly_may
17,LH,2,77,38,definitely_may
18,H,2,100,38,definitely_may
19,L,2,93,38,definitely_may
20,HL,2,88,38,definitely_may
21,LH,2,84,38,definitely_might
22,H,2,100,38,definitely_might
23,L,2,95,38,definitely_might
24,HL,2,84,38,definitely_might
25,LH,2,94,38,certainly_might
26,H,2,92,38,certainly_might
27,L,2,48,38,certainly_might
28,HL,2,48,38,certainly_might
29,LH,2,75,38,must_possibly
30,H,2,97,38,must_possibly
31,L,2,96,38,must_possibly
32,HL,2,40,38,must_possibly
1,H,3,55,39,must_probably
2,L,3,97,39,must_probably
3,HL,3,74,39,must_probably
4,LH,3,75,39,must_probably
5,H,3,87,39,would_possibly
6,L,3,50,39,would_possibly
7,HL,3,97,39,would_possibly
8,LH,3,85,39,would_possibly
9,H,3,97,39,probably_might
10,L,3,11,39,probably_might
11,HL,3,87,39,probably_might
12,LH,3,60,39,probably_might
13,H,3,98,39,certainly_may
14,L,3,51,39,certainly_may
15,HL,3,82,39,certainly_may
16,LH,3,90,39,certainly_may
17,H,3,90,39,definitely_may
18,L,3,97,39,definitely_may
19,HL,3,95,39,definitely_may
20,LH,3,97,39,definitely_may
21,H,3,97,39,definitely_might
22,L,3,96,39,definitely_might
23,HL,3,95,39,definitely_might
24,LH,3,93,39,definitely_might
25,H,3,88,39,certainly_might
26,L,3,97,39,certainly_might
27,HL,3,91,39,certainly_might
28,LH,3,99,39,certainly_might
29,H,3,73,39,must_possibly
30,L,3,100,39,must_possibly
31,HL,3,90,39,must_possibly
32,LH,3,96,39,must_possibly
1,L,4,81,40,must_probably
2,HL,4,97,40,must_probably
3,LH,4,22,40,must_probably
4,H,4,91,40,must_probably
5,L,4,51,40,would_possibly
6,HL,4,73,40,would_possibly
7,LH,4,32,40,would_possibly
8,H,4,40,40,would_possibly
9,L,4,30,40,probably_might
10,HL,4,71,40,probably_might
11,LH,4,62,40,probably_might
12,H,4,91,40,probably_might
13,L,4,71,40,certainly_may
14,HL,4,1,40,certainly_may
15,LH,4,10,40,certainly_may
16,H,4,50,40,certainly_may
17,L,4,20,40,definitely_may
18,HL,4,95,40,definitely_may
19,LH,4,1,40,definitely_may
20,H,4,10,40,definitely_may
21,L,4,31,40,definitely_might
22,HL,4,38,40,definitely_might
23,LH,4,41,40,definitely_might
24,H,4,98,40,definitely_might
25,L,4,14,40,certainly_might
26,HL,4,31,40,certainly_might
27,LH,4,19,40,certainly_might
28,H,4,10,40,certainly_might
29,L,4,1,40,must_possibly
30,HL,4,30,40,must_possibly
31,LH,4,16,40,must_possibly
32,H,4,9,40,must_possibly
1,HL,1,63,41,must_probably
2,LH,1,90,41,must_probably
3,H,1,74,41,must_probably
4,L,1,64,41,must_probably
5,HL,1,60,41,would_possibly
6,LH,1,67,41,would_possibly
7,H,1,80,41,would_possibly
8,L,1,64,41,would_possibly
9,HL,1,60,41,probably_might
10,LH,1,65,41,probably_might
11,H,1,71,41,probably_might
12,L,1,71,41,probably_might
13,HL,1,68,41,certainly_may
14,LH,1,86,41,certainly_may
15,H,1,74,41,certainly_may
16,L,1,76,41,certainly_may
17,HL,1,82,41,definitely_may
18,LH,1,65,41,definitely_may
19,H,1,69,41,definitely_may
20,L,1,70,41,definitely_may
21,HL,1,65,41,definitely_might
22,LH,1,75,41,definitely_might
23,H,1,75,41,definitely_might
24,L,1,70,41,definitely_might
25,HL,1,72,41,certainly_might
26,LH,1,76,41,certainly_might
27,H,1,67,41,certainly_might
28,L,1,80,41,certainly_might
29,HL,1,74,41,must_possibly
30,LH,1,62,41,must_possibly
31,H,1,80,41,must_possibly
32,L,1,60,41,must_possibly
1,LH,2,83,42,must_probably
2,H,2,88,42,must_probably
3,L,2,72,42,must_probably
4,HL,2,78,42,must_probably
5,LH,2,78,42,would_possibly
6,H,2,79,42,would_possibly
7,L,2,84,42,would_possibly
8,HL,2,74,42,would_possibly
9,LH,2,82,42,probably_might
10,H,2,89,42,probably_might
11,L,2,83,42,probably_might
12,HL,2,80,42,probably_might
13,LH,2,72,42,certainly_may
14,H,2,77,42,certainly_may
15,L,2,84,42,certainly_may
16,HL,2,84,42,certainly_may
17,LH,2,79,42,definitely_may
18,H,2,75,42,definitely_may
19,L,2,90,42,definitely_may
20,HL,2,88,42,definitely_may
21,LH,2,83,42,definitely_might
22,H,2,82,42,definitely_might
23,L,2,72,42,definitely_might
24,HL,2,100,42,definitely_might
25,LH,2,84,42,certainly_might
26,H,2,77,42,certainly_might
27,L,2,76,42,certainly_might
28,HL,2,77,42,certainly_might
29,LH,2,82,42,must_possibly
30,H,2,84,42,must_possibly
31,L,2,87,42,must_possibly
32,HL,2,76,42,must_possibly
1,H,3,90,43,must_probably
2,L,3,95,43,must_probably
3,HL,3,80,43,must_probably
4,LH,3,80,43,must_probably
5,H,3,90,43,would_possibly
6,L,3,75,43,would_possibly
7,HL,3,70,43,would_possibly
8,LH,3,70,43,would_possibly
9,H,3,75,43,probably_might
10,L,3,60,43,probably_might
11,HL,3,60,43,probably_might
12,LH,3,70,43,probably_might
13,H,3,90,43,certainly_may
14,L,3,85,43,certainly_may
15,HL,3,90,43,certainly_may
16,LH,3,65,43,certainly_may
17,H,3,95,43,definitely_may
18,L,3,80,43,definitely_may
19,HL,3,90,43,definitely_may
20,LH,3,90,43,definitely_may
21,H,3,95,43,definitely_might
22,L,3,90,43,definitely_might
23,HL,3,90,43,definitely_might
24,LH,3,90,43,definitely_might
25,H,3,90,43,certainly_might
26,L,3,90,43,certainly_might
27,HL,3,90,43,certainly_might
28,LH,3,90,43,certainly_might
29,H,3,95,43,must_possibly
30,L,3,95,43,must_possibly
31,HL,3,95,43,must_possibly
32,LH,3,80,43,must_possibly
1,L,4,85,44,must_probably
2,HL,4,95,44,must_probably
3,LH,4,75,44,must_probably
4,H,4,75,44,must_probably
5,L,4,75,44,would_possibly
6,HL,4,75,44,would_possibly
7,LH,4,75,44,would_possibly
8,H,4,98,44,would_possibly
9,L,4,75,44,probably_might
10,HL,4,50,44,probably_might
11,LH,4,50,44,probably_might
12,H,4,35,44,probably_might
13,L,4,65,44,certainly_may
14,HL,4,85,44,certainly_may
15,LH,4,70,44,certainly_may
16,H,4,85,44,certainly_may
17,L,4,75,44,definitely_may
18,HL,4,65,44,definitely_may
19,LH,4,65,44,definitely_may
20,H,4,80,44,definitely_may
21,L,4,75,44,definitely_might
22,HL,4,80,44,definitely_might
23,LH,4,85,44,definitely_might
24,H,4,98,44,definitely_might
25,L,4,65,44,certainly_might
26,HL,4,95,44,certainly_might
27,LH,4,75,44,certainly_might
28,H,4,95,44,certainly_might
29,L,4,75,44,must_possibly
30,HL,4,75,44,must_possibly
31,LH,4,85,44,must_possibly
32,H,4,85,44,must_possibly
1,HL,1,26,45,must_probably
2,LH,1,70,45,must_probably
3,H,1,17,45,must_probably
4,L,1,16,45,must_probably
5,HL,1,45,45,would_possibly
6,LH,1,8,45,would_possibly
7,H,1,86,45,would_possibly
8,L,1,64,45,would_possibly
9,HL,1,17,45,probably_might
10,LH,1,44,45,probably_might
11,H,1,51,45,probably_might
12,L,1,5,45,probably_might
13,HL,1,24,45,certainly_may
14,LH,1,13,45,certainly_may
15,H,1,39,45,certainly_may
16,L,1,29,45,certainly_may
17,HL,1,18,45,definitely_may
18,LH,1,41,45,definitely_may
19,H,1,49,45,definitely_may
20,L,1,34,45,definitely_may
21,HL,1,39,45,definitely_might
22,LH,1,41,45,definitely_might
23,H,1,37,45,definitely_might
24,L,1,59,45,definitely_might
25,HL,1,30,45,certainly_might
26,LH,1,38,45,certainly_might
27,H,1,33,45,certainly_might
28,L,1,25,45,certainly_might
29,HL,1,13,45,must_possibly
30,LH,1,6,45,must_possibly
31,H,1,42,45,must_possibly
32,L,1,49,45,must_possibly
1,LH,2,71,46,must_probably
2,H,2,92,46,must_probably
3,L,2,10,46,must_probably
4,HL,2,78,46,must_probably
5,LH,2,64,46,would_possibly
6,H,2,88,46,would_possibly
7,L,2,71,46,would_possibly
8,HL,2,82,46,would_possibly
9,LH,2,82,46,probably_might
10,H,2,73,46,probably_might
11,L,2,10,46,probably_might
12,HL,2,62,46,probably_might
13,LH,2,91,46,certainly_may
14,H,2,75,46,certainly_may
15,L,2,60,46,certainly_may
16,HL,2,51,46,certainly_may
17,LH,2,100,46,definitely_may
18,H,2,99,46,definitely_may
19,L,2,79,46,definitely_may
20,HL,2,83,46,definitely_may
21,LH,2,74,46,definitely_might
22,H,2,92,46,definitely_might
23,L,2,80,46,definitely_might
24,HL,2,99,46,definitely_might
25,LH,2,82,46,certainly_might
26,H,2,68,46,certainly_might
27,L,2,89,46,certainly_might
28,HL,2,71,46,certainly_might
29,LH,2,74,46,must_possibly
30,H,2,50,46,must_possibly
31,L,2,93,46,must_possibly
32,HL,2,59,46,must_possibly
1,H,3,67,47,must_probably
2,L,3,97,47,must_probably
3,HL,3,71,47,must_probably
4,LH,3,32,47,must_probably
5,H,3,90,47,would_possibly
6,L,3,92,47,would_possibly
7,HL,3,83,47,would_possibly
8,LH,3,93,47,would_possibly
9,H,3,92,47,probably_might
10,L,3,45,47,probably_might
11,HL,3,11,47,probably_might
12,LH,3,72,47,probably_might
13,H,3,96,47,certainly_may
14,L,3,91,47,certainly_may
15,HL,3,50,47,certainly_may
16,LH,3,82,47,certainly_may
17,H,3,81,47,definitely_may
18,L,3,94,47,definitely_may
19,HL,3,95,47,definitely_may
20,LH,3,91,47,definitely_may
21,H,3,100,47,definitely_might
22,L,3,50,47,definitely_might
23,HL,3,83,47,definitely_might
24,LH,3,81,47,definitely_might
25,H,3,71,47,certainly_might
26,L,3,80,47,certainly_might
27,HL,3,95,47,certainly_might
28,LH,3,93,47,certainly_might
29,H,3,94,47,must_possibly
30,L,3,96,47,must_possibly
31,HL,3,100,47,must_possibly
32,LH,3,88,47,must_possibly
1,L,4,30,48,must_probably
2,HL,4,95,48,must_probably
3,LH,4,70,48,must_probably
4,H,4,80,48,must_probably
5,L,4,85,48,would_possibly
6,HL,4,50,48,would_possibly
7,LH,4,50,48,would_possibly
8,H,4,90,48,would_possibly
9,L,4,80,48,probably_might
10,HL,4,70,48,probably_might
11,LH,4,85,48,probably_might
12,H,4,80,48,probably_might
13,L,4,95,48,certainly_may
14,HL,4,91,48,certainly_may
15,LH,4,85,48,certainly_may
16,H,4,100,48,certainly_may
17,L,4,85,48,definitely_may
18,HL,4,85,48,definitely_may
19,LH,4,100,48,definitely_may
20,H,4,100,48,definitely_may
21,L,4,90,48,definitely_might
22,HL,4,88,48,definitely_might
23,LH,4,90,48,definitely_might
24,H,4,100,48,definitely_might
25,L,4,80,48,certainly_might
26,HL,4,85,48,certainly_might
27,LH,4,86,48,certainly_might
28,H,4,100,48,certainly_might
29,L,4,95,48,must_possibly
30,HL,4,93,48,must_possibly
31,LH,4,90,48,must_possibly
32,H,4,90,48,must_possibly
1,HL,1,40,49,must_probably
2,LH,1,98,49,must_probably
3,H,1,47,49,must_probably
4,L,1,50,49,must_probably
5,HL,1,50,49,would_possibly
6,LH,1,42,49,would_possibly
7,H,1,70,49,would_possibly
8,L,1,91,49,would_possibly
9,HL,1,50,49,probably_might
10,LH,1,44,49,probably_might
11,H,1,60,49,probably_might
12,L,1,77,49,probably_might
13,HL,1,60,49,certainly_may
14,LH,1,89,49,certainly_may
15,H,1,100,49,certainly_may
16,L,1,51,49,certainly_may
17,HL,1,99,49,definitely_may
18,LH,1,50,49,definitely_may
19,H,1,49,49,definitely_may
20,L,1,29,49,definitely_may
21,HL,1,70,49,definitely_might
22,LH,1,71,49,definitely_might
23,H,1,91,49,definitely_might
24,L,1,60,49,definitely_might
25,HL,1,11,49,certainly_might
26,LH,1,67,49,certainly_might
27,H,1,61,49,certainly_might
28,L,1,71,49,certainly_might
29,HL,1,32,49,must_possibly
30,LH,1,31,49,must_possibly
31,H,1,70,49,must_possibly
32,L,1,60,49,must_possibly
1,LH,2,83,50,must_probably
2,H,2,92,50,must_probably
3,L,2,90,50,must_probably
4,HL,2,78,50,must_probably
5,LH,2,84,50,would_possibly
6,H,2,92,50,would_possibly
7,L,2,81,50,would_possibly
8,HL,2,72,50,would_possibly
9,LH,2,89,50,probably_might
10,H,2,77,50,probably_might
11,L,2,85,50,probably_might
12,HL,2,88,50,probably_might
13,LH,2,88,50,certainly_may
14,H,2,94,50,certainly_may
15,L,2,81,50,certainly_may
16,HL,2,84,50,certainly_may
17,LH,2,87,50,definitely_may
18,H,2,89,50,definitely_may
19,L,2,94,50,definitely_may
20,HL,2,92,50,definitely_may
21,LH,2,89,50,definitely_might
22,H,2,90,50,definitely_might
23,L,2,88,50,definitely_might
24,HL,2,93,50,definitely_might
25,LH,2,94,50,certainly_might
26,H,2,86,50,certainly_might
27,L,2,89,50,certainly_might
28,HL,2,90,50,certainly_might
29,LH,2,75,50,must_possibly
30,H,2,94,50,must_possibly
31,L,2,93,50,must_possibly
32,HL,2,90,50,must_possibly
1,H,3,84,51,must_probably
2,L,3,90,51,must_probably
3,HL,3,55,51,must_probably
4,LH,3,51,51,must_probably
5,H,3,62,51,would_possibly
6,L,3,70,51,would_possibly
7,HL,3,68,51,would_possibly
8,LH,3,91,51,would_possibly
9,H,3,66,51,probably_might
10,L,3,36,51,probably_might
11,HL,3,52,51,probably_might
12,LH,3,37,51,probably_might
13,H,3,96,51,certainly_may
14,L,3,54,51,certainly_may
15,HL,3,62,51,certainly_may
16,LH,3,71,51,certainly_may
17,H,3,75,51,definitely_may
18,L,3,84,51,definitely_may
19,HL,3,92,51,definitely_may
20,LH,3,84,51,definitely_may
21,H,3,88,51,definitely_might
22,L,3,51,51,definitely_might
23,HL,3,97,51,definitely_might
24,LH,3,79,51,definitely_might
25,H,3,98,51,certainly_might
26,L,3,77,51,certainly_might
27,HL,3,67,51,certainly_might
28,LH,3,87,51,certainly_might
29,H,3,59,51,must_possibly
30,L,3,56,51,must_possibly
31,HL,3,78,51,must_possibly
32,LH,3,80,51,must_possibly
1,L,4,71,52,must_probably
2,HL,4,82,52,must_probably
3,LH,4,71,52,must_probably
4,H,4,85,52,must_probably
5,L,4,62,52,would_possibly
6,HL,4,71,52,would_possibly
7,LH,4,61,52,would_possibly
8,H,4,81,52,would_possibly
9,L,4,71,52,probably_might
10,HL,4,70,52,probably_might
11,LH,4,60,52,probably_might
12,H,4,61,52,probably_might
13,L,4,86,52,certainly_may
14,HL,4,70,52,certainly_may
15,LH,4,71,52,certainly_may
16,H,4,85,52,certainly_may
17,L,4,71,52,definitely_may
18,HL,4,91,52,definitely_may
19,LH,4,80,52,definitely_may
20,H,4,86,52,definitely_may
21,L,4,85,52,definitely_might
22,HL,4,75,52,definitely_might
23,LH,4,81,52,definitely_might
24,H,4,87,52,definitely_might
25,L,4,50,52,certainly_might
26,HL,4,85,52,certainly_might
27,LH,4,71,52,certainly_might
28,H,4,91,52,certainly_might
29,L,4,70,52,must_possibly
30,HL,4,80,52,must_possibly
31,LH,4,89,52,must_possibly
32,H,4,91,52,must_possibly
1,HL,1,50,53,must_probably
2,LH,1,37,53,must_probably
3,H,1,42,53,must_probably
4,L,1,62,53,must_probably
5,HL,1,43,53,would_possibly
6,LH,1,39,53,would_possibly
7,H,1,74,53,would_possibly
8,L,1,81,53,would_possibly
9,HL,1,34,53,probably_might
10,LH,1,39,53,probably_might
11,H,1,63,53,probably_might
12,L,1,74,53,probably_might
13,HL,1,64,53,certainly_may
14,LH,1,49,53,certainly_may
15,H,1,100,53,certainly_may
16,L,1,62,53,certainly_may
17,HL,1,50,53,definitely_may
18,LH,1,70,53,definitely_may
19,H,1,88,53,definitely_may
20,L,1,59,53,definitely_may
21,HL,1,44,53,definitely_might
22,LH,1,90,53,definitely_might
23,H,1,69,53,definitely_might
24,L,1,67,53,definitely_might
25,HL,1,58,53,certainly_might
26,LH,1,59,53,certainly_might
27,H,1,49,53,certainly_might
28,L,1,68,53,certainly_might
29,HL,1,62,53,must_possibly
30,LH,1,57,53,must_possibly
31,H,1,90,53,must_possibly
32,L,1,39,53,must_possibly
1,LH,2,92,54,must_probably
2,H,2,95,54,must_probably
3,L,2,45,54,must_probably
4,HL,2,64,54,must_probably
5,LH,2,41,54,would_possibly
6,H,2,80,54,would_possibly
7,L,2,60,54,would_possibly
8,HL,2,60,54,would_possibly
9,LH,2,50,54,probably_might
10,H,2,48,54,probably_might
11,L,2,50,54,probably_might
12,HL,2,50,54,probably_might
13,LH,2,41,54,certainly_may
14,H,2,90,54,certainly_may
15,L,2,70,54,certainly_may
16,HL,2,55,54,certainly_may
17,LH,2,69,54,definitely_may
18,H,2,92,54,definitely_may
19,L,2,60,54,definitely_may
20,HL,2,51,54,definitely_may
21,LH,2,60,54,definitely_might
22,H,2,94,54,definitely_might
23,L,2,50,54,definitely_might
24,HL,2,60,54,definitely_might
25,LH,2,41,54,certainly_might
26,H,2,91,54,certainly_might
27,L,2,59,54,certainly_might
28,HL,2,60,54,certainly_might
29,LH,2,82,54,must_possibly
30,H,2,96,54,must_possibly
31,L,2,65,54,must_possibly
32,HL,2,81,54,must_possibly
1,H,3,71,55,must_probably
2,L,3,65,55,must_probably
3,HL,3,61,55,must_probably
4,LH,3,20,55,must_probably
5,H,3,61,55,would_possibly
6,L,3,52,55,would_possibly
7,HL,3,57,55,would_possibly
8,LH,3,58,55,would_possibly
9,H,3,76,55,probably_might
10,L,3,65,55,probably_might
11,HL,3,59,55,probably_might
12,LH,3,20,55,probably_might
13,H,3,46,55,certainly_may
14,L,3,50,55,certainly_may
15,HL,3,45,55,certainly_may
16,LH,3,57,55,certainly_may
17,H,3,88,55,definitely_may
18,L,3,32,55,definitely_may
19,HL,3,60,55,definitely_may
20,LH,3,29,55,definitely_may
21,H,3,74,55,definitely_might
22,L,3,41,55,definitely_might
23,HL,3,54,55,definitely_might
24,LH,3,46,55,definitely_might
25,H,3,40,55,certainly_might
26,L,3,41,55,certainly_might
27,HL,3,29,55,certainly_might
28,LH,3,46,55,certainly_might
29,H,3,50,55,must_possibly
30,L,3,50,55,must_possibly
31,HL,3,35,55,must_possibly
32,LH,3,65,55,must_possibly
1,L,4,65,56,must_probably
2,HL,4,81,56,must_probably
3,LH,4,61,56,must_probably
4,H,4,65,56,must_probably
5,L,4,60,56,would_possibly
6,HL,4,60,56,would_possibly
7,LH,4,61,56,would_possibly
8,H,4,71,56,would_possibly
9,L,4,71,56,probably_might
10,HL,4,50,56,probably_might
11,LH,4,55,56,probably_might
12,H,4,40,56,probably_might
13,L,4,66,56,certainly_may
14,HL,4,73,56,certainly_may
15,LH,4,61,56,certainly_may
16,H,4,75,56,certainly_may
17,L,4,66,56,definitely_may
18,HL,4,67,56,definitely_may
19,LH,4,80,56,definitely_may
20,H,4,85,56,definitely_may
21,L,4,70,56,definitely_might
22,HL,4,61,56,definitely_might
23,LH,4,61,56,definitely_might
24,H,4,80,56,definitely_might
25,L,4,75,56,certainly_might
26,HL,4,70,56,certainly_might
27,LH,4,50,56,certainly_might
28,H,4,91,56,certainly_might
29,L,4,72,56,must_possibly
30,HL,4,80,56,must_possibly
31,LH,4,81,56,must_possibly
32,H,4,55,56,must_possibly
1,HL,1,75,57,must_probably
2,LH,1,90,57,must_probably
3,H,1,75,57,must_probably
4,L,1,51,57,must_probably
5,HL,1,74,57,would_possibly
6,LH,1,73,57,would_possibly
7,H,1,72,57,would_possibly
8,L,1,65,57,would_possibly
9,HL,1,74,57,probably_might
10,LH,1,46,57,probably_might
11,H,1,80,57,probably_might
12,L,1,51,57,probably_might
13,HL,1,72,57,certainly_may
14,LH,1,75,57,certainly_may
15,H,1,70,57,certainly_may
16,L,1,80,57,certainly_may
17,HL,1,88,57,definitely_may
18,LH,1,40,57,definitely_may
19,H,1,95,57,definitely_may
20,L,1,75,57,definitely_may
21,HL,1,76,57,definitely_might
22,LH,1,94,57,definitely_might
23,H,1,95,57,definitely_might
24,L,1,51,57,definitely_might
25,HL,1,51,57,certainly_might
26,LH,1,45,57,certainly_might
27,H,1,90,57,certainly_might
28,L,1,86,57,certainly_might
29,HL,1,17,57,must_possibly
30,LH,1,75,57,must_possibly
31,H,1,94,57,must_possibly
32,L,1,94,57,must_possibly
1,LH,2,81,58,must_probably
2,H,2,100,58,must_probably
3,L,2,66,58,must_probably
4,HL,2,25,58,must_probably
5,LH,2,61,58,would_possibly
6,H,2,89,58,would_possibly
7,L,2,19,58,would_possibly
8,HL,2,49,58,would_possibly
9,LH,2,51,58,probably_might
10,H,2,35,58,probably_might
11,L,2,62,58,probably_might
12,HL,2,29,58,probably_might
13,LH,2,72,58,certainly_may
14,H,2,79,58,certainly_may
15,L,2,52,58,certainly_may
16,HL,2,51,58,certainly_may
17,LH,2,39,58,definitely_may
18,H,2,83,58,definitely_may
19,L,2,76,58,definitely_may
20,HL,2,28,58,definitely_may
21,LH,2,60,58,definitely_might
22,H,2,81,58,definitely_might
23,L,2,62,58,definitely_might
24,HL,2,91,58,definitely_might
25,LH,2,30,58,certainly_might
26,H,2,88,58,certainly_might
27,L,2,64,58,certainly_might
28,HL,2,62,58,certainly_might
29,LH,2,60,58,must_possibly
30,H,2,90,58,must_possibly
31,L,2,60,58,must_possibly
32,HL,2,52,58,must_possibly
1,H,3,60,59,must_probably
2,L,3,96,59,must_probably
3,HL,3,86,59,must_probably
4,LH,3,68,59,must_probably
5,H,3,81,59,would_possibly
6,L,3,70,59,would_possibly
7,HL,3,91,59,would_possibly
8,LH,3,81,59,would_possibly
9,H,3,67,59,probably_might
10,L,3,80,59,probably_might
11,HL,3,73,59,probably_might
12,LH,3,50,59,probably_might
13,H,3,81,59,certainly_may
14,L,3,70,59,certainly_may
15,HL,3,67,59,certainly_may
16,LH,3,70,59,certainly_may
17,H,3,95,59,definitely_may
18,L,3,78,59,definitely_may
19,HL,3,60,59,definitely_may
20,LH,3,70,59,definitely_may
21,H,3,85,59,definitely_might
22,L,3,65,59,definitely_might
23,HL,3,58,59,definitely_might
24,LH,3,84,59,definitely_might
25,H,3,60,59,certainly_might
26,L,3,85,59,certainly_might
27,HL,3,91,59,certainly_might
28,LH,3,80,59,certainly_might
29,H,3,80,59,must_possibly
30,L,3,80,59,must_possibly
31,HL,3,97,59,must_possibly
32,LH,3,88,59,must_possibly
1,L,4,57,60,must_probably
2,HL,4,82,60,must_probably
3,LH,4,85,60,must_probably
4,H,4,65,60,must_probably
5,L,4,76,60,would_possibly
6,HL,4,94,60,would_possibly
7,LH,4,84,60,would_possibly
8,H,4,94,60,would_possibly
9,L,4,53,60,probably_might
10,HL,4,89,60,probably_might
11,LH,4,54,60,probably_might
12,H,4,54,60,probably_might
13,L,4,89,60,certainly_may
14,HL,4,92,60,certainly_may
15,LH,4,89,60,certainly_may
16,H,4,97,60,certainly_may
17,L,4,50,60,definitely_may
18,HL,4,76,60,definitely_may
19,LH,4,75,60,definitely_may
20,H,4,96,60,definitely_may
21,L,4,59,60,definitely_might
22,HL,4,50,60,definitely_might
23,LH,4,61,60,definitely_might
24,H,4,100,60,definitely_might
25,L,4,89,60,certainly_might
26,HL,4,96,60,certainly_might
27,LH,4,97,60,certainly_might
28,H,4,99,60,certainly_might
29,L,4,91,60,must_possibly
30,HL,4,62,60,must_possibly
31,LH,4,84,60,must_possibly
32,H,4,83,60,must_possibly
1,HL,1,77,61,must_probably
2,LH,1,58,61,must_probably
3,H,1,49,61,must_probably
4,L,1,47,61,must_probably
5,HL,1,53,61,would_possibly
6,LH,1,62,61,would_possibly
7,H,1,74,61,would_possibly
8,L,1,48,61,would_possibly
9,HL,1,42,61,probably_might
10,LH,1,25,61,probably_might
11,H,1,61,61,probably_might
12,L,1,43,61,probably_might
13,HL,1,56,61,certainly_may
14,LH,1,44,61,certainly_may
15,H,1,79,61,certainly_may
16,L,1,60,61,certainly_may
17,HL,1,77,61,definitely_may
18,LH,1,60,61,definitely_may
19,H,1,86,61,definitely_may
20,L,1,64,61,definitely_may
21,HL,1,80,61,definitely_might
22,LH,1,52,61,definitely_might
23,H,1,72,61,definitely_might
24,L,1,79,61,definitely_might
25,HL,1,75,61,certainly_might
26,LH,1,80,61,certainly_might
27,H,1,78,61,certainly_might
28,L,1,69,61,certainly_might
29,HL,1,54,61,must_possibly
30,LH,1,79,61,must_possibly
31,H,1,48,61,must_possibly
32,L,1,82,61,must_possibly
